<?xml version="1.0" encoding="UTF-8" ?>
<!DOCTYPE struts PUBLIC
"-//Apache Software Foundation//DTD Struts Configuration 2.0//EN"
"http://struts.apache.org/dtds/struts-2.0.dtd">
 
<struts>

	<constant name="struts.custom.i18n.resources" value="global" />
 	<constant name="struts.devMode" value="true" />
 	
	<package name="user" namespace="/user" extends="struts-default">
		<action name="login">
			<result>pages/login.jsp</result>
		</action>
		<action name="validateUser" class="com.mkyong.user.action.LoginAction">
			<result name="SUCCESS">pages/welcome.jsp</result>
			<result name="input">pages/login.jsp</result>
		</action>
	</package>
	
	<package name="default" namespace="/" extends="struts-default">
		<action name="locale" class="com.mkyong.common.action.LocaleAction">
			<result name="SUCCESS">user/pages/login.jsp</result>
		</action>
	</package>
	
</struts>